-- --------------------------------------------------------

--
-- Table structure for table `actor`
--

CREATE TABLE `actor` (
  `id` bigint(20) UNSIGNED NOT NULL,
  `name` varchar(64) COLLATE utf8_unicode_ci DEFAULT NULL,
  `name_en` varchar(64) COLLATE utf8_unicode_ci NOT NULL,
  `image` varchar(128) COLLATE utf8_unicode_ci NOT NULL,
  `bio` text COLLATE utf8_unicode_ci,
  `bio_en` text COLLATE utf8_unicode_ci NOT NULL
) ENGINE=InnoDB DEFAULT CHARSET=utf8 COLLATE=utf8_unicode_ci;

--
-- Dumping data for table `actor`
--

INSERT INTO `actor` (`id`, `name`, `name_en`, `image`, `bio`, `bio_en`) VALUES
(1, '조지 클루니', 'George Clooney', 'http://s3.amazonaws.com/codecademy-content/courses/learn-rails/img/george-clooney.jpg', '할리우드에서 조지 클루니가 차지하는 위치는 주목할 만하다. 가장 매력적인 유명인 중 한 사람(그는 \'현존하는 가장 섹시한 남자\'로 두 차례 선정되었다)인 그는, 거침없는 정치적인 참여로 존경받는 인물이기도 하다. 미적인 견지에서 보자면 클루니는 고전적인 조각 같은 스타이다. 깔끔한 용모와 조용한 카리스마 그리고 여성적인 특징은 단 하나도 찾아볼 수 없는 신체까지. 그러나 그가 정상에 오르기까지는 어느 정도 시간이 필요했다.\n\n많은 스타들의 첫 영화들이 실패작인 경우가 많지만, 그가 「토마토 대소동 2(1988)」에 출연한 것은 유독 치명적이었다. 그러나 텔레비전 병원물 「ER(1994~2000)」의 몽상가 닥터 더그 로스 역으로 스타덤에 오른 후 다시 도전한 영화들은 훨씬 성공적이었다. 그는 「황혼에서 새벽까지(1996)」와 「표적(1998)」의 섹시한 터프가이 역할로 신뢰할 수 있는 배우로 인정받았다. 또한 진보적인 전쟁 영화 「씬 레드 라인(1998)」과 「쓰리 킹즈(1999)」는 안기고 싶은 마초에게도 따뜻한 마음이 있음을 증명했다. 클루니는 점차 제작과 감독 일에도 도전하기 시작했고 그때부터 엄청나게 성공적인 이중의 경력을 이어왔다.\n\n「굿 나잇 앤 굿 럭(2005)」과 「시리아나(2005)」에서는 카메라 뒤에서 (물론 카메라 앞에서도) 활동하는 사람, 즉 감독으로서 자리를 잡았다. 「굿 나잇 앤 굿 럭」은 그를 아카데미 감독상과 각본상 후보에 올려놓았고 「시리아나」는 남우조연상을 안겨주었다. 그가 이 상을 수상한 것은 집안의 전통을 이어간 것이기도 한데, 그의 고모부인 호세 페레도 「시라노(1950)」로 남우주연상을 수상했다. 클루니는 배우로 카메라 앞에 설 때는, 특히 「참을 수 없는 사랑(2003)」과 그의 친구 스티븐 소더버그의 「오션스 일레븐(2001)」과 「오션스 트웰브(2004)」에서는 별로 명예롭지 못한 인물들을 그려냈다. 그것은 스타덤이 제공하는 자유를 분명히 만끽하고 있는 한 남자의 쾌락주의적인 측면일 것이다. 스크린 밖의 클루니는 진보적 정치관으로 아주 유명하다.\n\n"감독 일은 정말 흥미진진하다. 그림이 되는 것보다는 화가가 되는 것이 훨씬 재미있지 않은가."\n\n출처 : 501 영화배우-마로니에북스', 'George Timothy Clooney is an American actor, writer, producer, director, and activist. He has received three Golden Globe Awards for his ...'),
(2, '맷 데이먼', 'Matt Damon', 'http://s3.amazonaws.com/codecademy-content/courses/learn-rails/img/matt-damon.jpg', '매사추세츠 주 케임브리지에서 태어난 맷 데이먼의 영화데뷔작은 「미스틱 피자(1988)」인데, 거기서 비슷하게 막 발돋움하던 스타 줄리아 로버츠와 함께 작은 역할을 맡았다. 작은 역할들을 통해 꾸준히 성공의 길을 밟아가던 그는 졸업을 얼마 앞두고 하버드 대학을 떠났다. 이런 결정은 헤로인 중독의 걸프전 참전용사를 연기한 「커리지 언더 파이어(1996)」에서 호평을 받음으로써 그만한 가치가 있는 도박이었음을 증명했다. 그러나 그를 스타덤에 올려놓은 영화는 벤 애플렉과 함께 직접 대본을 쓰고 함께 출연한 「굿 윌 헌팅(1997)」이었다. 그는 이 영화로 아카데미 각본상을 수상하고 남우주연상 후보에도 올랐다.\n\n그 성공에 이어 데이먼과 애플렉은 텔레비전 프로그램 「프로젝트 그린라이트(2001)」를 제작했는데, 그것은 경험이 없는 감독들에게 독립영화계에서 성공할 수 있는 기회를 제공하는 다큐멘터리 시리즈였다. 데이먼은 계속해서 「라이언 일병 구하기(1998)」와 「리플리(1999)」 등 호평과 상업적 성공을 모두 이끌어낸 영화들에 출연했다. 또한 그는 스티븐 소더버그와 케빈 스미스, 구스 반 산트, 테리 길리엄 같은 존경 받는 감독들의 좀 더 규모가 작은 영화들에서도 역할을 맡았다. 「본 아이덴티티(2002)」와 그 속편 「본 슈프리머시(2004)」의 기억상실증에 걸린 채 도망중인 훈련된 살인기계 제이슨 본 역으로 그는 블록버스터의 영역에도 발을 들여놓았다.\n\n그 후 조지 클루니와 함께 출연한 「시리아나(2005)」에서 갈등에 빠진 컨설턴트 역으로 다시 독립영화의 영역으로 돌아왔는데, 클루니는 「오션스 일레븐(2001)」과 그 속편에서도 함께 작업했고 데이먼이 출연한 「컨페션(2002)」을 감독하기도 했다. 데이먼이 선한 역과 악역을 번갈아가며 연기한 적이 많았던 점을 감안하면, 마틴 스콜세즈 감독의 「디파티드(2006)」에서 경찰로 위장한 범죄자 콜린 설리번은 그에게 가장 이상적인 역할이라고 볼 수 있겠다.\n\n"안전한 길을 가는 것을 원한 적은 한 번도 없다. 만약 실패한다면 나는 그 실패를 당당히 맞이할 것이다."\n\n출처 : 501 영화배우-마로니에북스', 'Matthew Paige "Matt" Damon is an American actor, voice actor, screenwriter, producer, and philanthropist.'),
(3, '브래드 피트', 'Brad Pitt', 'http://s3.amazonaws.com/codecademy-content/courses/learn-rails/img/brad-pitt.jpg', '브래드 피트는 미주리 대학에서 저널리즘을 전공하다가 배우가 되기 위해 학교를 그만두고 할리우드로 건너가 드라마 코치 로이 런던 밑에서 연기를 공부했다. 「델마와 루이스(1991)」에서 매력적인 유혹남이자 도둑으로 작지만 기억에 남는 연기를 선보이면서 관객의 주목을 끌기 시작했고 영화계의 남성 섹스심벌로 자리 잡았다. 그는 리들리 스콧의 도망자 영화로 유명해지기 전에는 텔레비전에서 활동했는데, 그 후로는 주류 영화들과 더 모험적인 작품들에서 주연을 맡아왔다. 「흐르는 강물처럼(1992)」과 「뱀파이어와의 인터뷰(1994)」, 「가을의 전설(1994)」, 「세븐(1995)」 같은 유명한 영화들과, 그를 아카데미 남우주연상 후보에 올려준 「12 몽키즈(1995)」 등을 숨 가쁘게 만들어왔고 그 영화들은 모두 그의 연기의 폭과 변치 않는 인기를 증명해주었다.\n\n그러나 피트의 박스오피스 기록은 변덕스러웠다. 「파이트 클럽(1999)」 같은 영화는 상업적이기보다는 예술적인 성공을 거두었다. 「오션스 일레븐(2001)」과 그 속편처럼 이따금 나오는 히트작들의 흥행성적도 과도하게 부풀려진 대작 「트로이(2004)」 같은 흥행 참패작들로 상쇄되었다. 예전에 기네스 팰트로와의 관계로 타블로이드 신문의 공격성을 이미 맛본 그지만, 2000년에는 배우이자 「프렌즈(1994~2004)」의 스타 제니퍼 애니스톤과 결혼하면서 가십 기사의 단골이 되었다. 이런 입지는 그들의 이혼과 안젤리나 졸리와의 로맨스로 더욱 확고해졌다.\n\n그들의 로맨스는 둘이 함께 주연한 시시한 「미스터 & 미세스 스미스(2005)」를 블록버스터로 만들어놓았다. 사실상 그가 출연한 영화들의 운명이 어찌됐든 피트는 여전히 할리우드의 가장 인기 있는 스타 중 한 사람이며, 그는 그 명성을 이용해 별로 상업적이지 않은 「바벨(2006)」 같은 영화가 제작되도록 하는 데 영향력을 발휘하기도 한다.\n\n"나는 유전학 때문에 미움 받는 사람들 중 하나다. 정말 그렇다."\n\n출처 : 501 영화배우-마로니에북스', 'William Bradley "Brad" Pitt is an American actor and producer. He has received a Golden Globe Award, a Screen Actors Guild Award, and thr...'),
(4, '엘리어트 굴드', 'Elliot Gould', 'http://s3.amazonaws.com/codecademy-content/courses/learn-rails/img/elliot-gould.jpg', '로버트 알트만 감독의 <매쉬>가 크게 흥행하면서 스타덤에 올랐다.\n\n1963년 바브라 스트레이샌드와 결혼, 71년 이혼, 1974년 제니퍼 보가트와 재혼하여 2명의 자녀를 두었으나 76년 이혼했다.', 'Elliott Gould is an American actor. He began acting in Hollywood films during the 1960s, and has remained prolific ever since.'),
(5, '줄리아 로버츠', 'Julia Roberts', 'http://s3.amazonaws.com/codecademy-content/courses/learn-rails/img/julia-roberts.jpg', '세계적으로 얼굴이 가장 잘 알려진 배우 중 한 사람이며, 전염성 강한 미소와 빼어난 각선미와 상쾌한 분위기를 지닌 미녀 스타 줄리아 로버츠는 진지한 영화와 판타지 영화 모두에서 큰 성공을 누려왔다. 관객들은 그녀가 자신의 매력을 가장 잘 발산할 수 있는 로맨틱 코미디에 등장할 때 가장 좋아한다.\n\n1988년에 「미스틱 피자」와 「새티스팩션」으로 자신의 존재를 부각시킨 줄리아 로버츠는 대중예술가로서나 높은 대가를 받는 연기자로서나 미국 여배우들을 평가하는 특별히 높은 기준을 세워놓았다. 바로 다음 해에 「철목련」으로 첫 아카데미상 후보에 오르고 첫 골든글로브상을 수상하면서 그녀는 순식간에 자신의 작업에 대한 상당한 정도의 비평적 후원을 얻어냈다. 이를 통해 젊은이들이 중심이 된 센세이션으로부터 더 성숙한 연기로 비교적 쉽게 옮겨갈 수 있었다. 1990년에는 「귀여운 여인」의 엄청난 성공으로 두 번째 아카데미상 후보에 오르고 두 번째 골든글로브상을 수상하면서, 그렇게 젊은 배우로서는 매우 보기 드문 성취를 이뤄냈다. 즉 그녀는 미국영화계에서 그 수준과 인기의 표준으로 자리 잡았고 이후 매년 그 위치를 유지해오고 있다.\n\n조지아 주에서 태어난 그녀는, 초기에 어느 정도 장래성을 보였으나 지금은 주로 악당 역만 맡고 있는 배우 에릭 로버츠의 동생이지만 남매는 현재 의절한 채 지내고 있다. 그녀는 적갈색 머리카락과, 치아가 다 드러나게 활짝 웃는 미소, 듣는 사람을 모두 사로잡아 버리는 커다란 웃음소리로 유명하다. 비교적 큰 키와 딱히 육감적이라고 할 수 없는 마른 몸매. 이런 소년 같은 특징은 천진난만한 아가씨도 나이 든 여성도 아닌 젊은 역할을 오랫동안 설득력 있게 연기할 수 있게 해주었지만, 로버츠가 스크린 상에 풍성한 개성을 지닌 인물로 자리 잡게 만든 것은 장난꾸러기 같은 외모 아래 감춰진 강철 같은 강인함이었다.\n\n귀여운 여인, 그 이상\n죽음과 예상치 못한 결과들을 극복하는 이야기인 「유혹의 선(1990)」에서는 앙상블 배역들과도 자연스럽게 어우러지는 조화를 보여주었다. 특히 이 영화는 한때 연인이었던 키퍼 서덜랜드와 함께 출연한 첫 영화이기도 하며 그들은 몇 년에 걸쳐 몇 편의 영화에 함께 출연했으나 로버츠가 가수 라일 러비트와 첫 결혼을 함으로써 그 관계는 막을 내렸다. 그러나 이전에 굳어진 연약함의 이미지를 극단적으로 밀어붙여 뒤집어놓은 것은 바로 「적과의 동침(1990)」에서 학대하는 남편의 마수를 벗어나는 새러 월터스 역할이었다. 그녀가 아름답고 감정 표현이 풍부하며 스타덤을 이루는 정의할 수 없는 그 \'무엇\'을 지니고 있음은 잘 알려져 있었지만, 이제는 \'시폰에 덮여 있는 바윗덩이\', 즉 보기 드문 강인함을 지닌 사람으로도 잘 알려지게 되었다.\n\n이후 몇 년 동안 「사랑을 위하여」와 「후크」(둘 다 1991) 그리고 「펠리컨 브리프(1993)」 등으로 흥행을 이끌어내는 힘을 재차 확인한 후, 그녀의 연기 경력의 첫 실책인 「사랑의 특종(1994)」으로 쓴맛을 보았다. 그러나 로맨틱 코미디 「사랑게임(1995)」으로 돌아가 재빨리 회복했고 이어서 본 사람이 얼마 없는 「메리 라일리」와 「마이클 콜린스」(둘 다 1996)에 출연했으며, 그 후에는 「에브리원 세즈 아이 러브 유(1996)」에서 중년의 우디 앨런이 사랑에 빠지는 대상으로 등장해서, 빼어나지는 않지만 그럭저럭 괜찮은 노래 실력을 선보였다.\n\n1990년대 말은 SF스릴러 「매트릭스(1999)」와 기괴한 가정 드라마 「아메리칸 뷰티(1999)」가 증언하듯이 Y2K에 대한 불안감으로 기억되기도 하지만, 한편으로는 줄리아 로버츠가 「내 남자 친구의 결혼식(1997)」(골든글로브상 후보)과 「컨스피러시(1997)」, 「스텝맘(1988)」, 「노팅 힐(1999)」(골든글로브상 후보), 「런어웨이 브라이드(1999)」 그리고 첫 아카데미상과 또 하나의 골든글로브상을 안겨준 「에린 브로코비치(2000)」 등 줄줄이 히트작을 내놓으며 가장 막강한 상업적 우세를 떨치던 시기로도 기억된다.\n\n특히 「에린 브로코비치」를 통해 할리우드 위계에서 최정상을 차지하는 그녀의 입지는 더욱 확고해졌다. 이후 두 번째 남편인 촬영감독 대니얼 모더와 그들의 쌍둥이 자녀와 함께 가정에 충실하면서 연기 활동이 다소 뜸해졌다. 로버츠는 계속해서 최상의 재능을 과시하면서 「모나리자 스마일(2003)」로 2천5백만 달러를 벌었고, 노골적으로 상업적인 영화 「오션스 일레븐(2001)」과 좀 더 독립적인 작품들 「풀 프론탈(2002)」, 「클로저(2004)」에 고루 출연했다.\n\n끈질긴 에린\n\n줄리아 로버츠는 평론가들의 찬사를 받은 「에린 브로코비치」에서 대기업에 굴복하기를 거부하고 맞서 싸우는, 세상 물정에 밝고 정직한 여인의 역할로 빛나는 연기를 보여주었다. 에린 브로코비치 엘리스의 실화를 바탕으로 했다. 무직의 싱글 맘이었던 그녀는 변호사의 조수가 된 후, 암을 유발하는 화학물질로 시의 수질을 오염시킨 혐의를 받던 캘리포니아의 전력회사를 거의 단숨에 무너뜨렸다. 그것은 영화로 옮기기에 멋진 이야기였다. 로버츠는 연기자로서 자기의 특성들을 이 성공적인 프로젝트에 잘 활용했다. 그중 환한 미소 뒤에 자리한 용기와 강인함이 큰 부분을 차지한다.\n\n· PG&E사에 대한 브로코비치의 폭로는 공식적으로 기록된 것 중 가장 큰 합의금을 받아낸 시민집단소송으로 이어졌다.\n· 이 영화는 남우조연상(앨버트 피니)과 감독상(스티븐 소더버그), 작품상과 각본상 부문까지 아카데미상 후보에 올랐다.\n· 왼손잡이인 줄리아 로버츠는 오른손잡이인 에린 브로코비치를 연기하기 위해 열심히 연습해서 오른손으로 글씨를 썼다.\n· 로버츠는 아카데미 여우주연상 수상 소감을 말할 때 실제 에린 브로코비치에게 고맙다는 말을 깜빡 잊고 말았다. 후에 그녀는 이렇게 털어놓았다. "아인슈타인처럼 머리가 잘 돌아가야 할 때는 원하는 대로 잘 되지 않는다."\n\n"나는 아가씨라고 불리기에는 키가 너무 크다. 그러니까 계집애와 여편네 사이 어디쯤에 속한다고나 할까."\n\n출처 : 501 영화배우-마로니에북스', 'Julia Fiona Roberts is an American actress and producer. She became a Hollywood star after headlining the romantic comedy Pretty Woman, w...'),
(6, '마크 월버그', 'Mark Wahlberg', 'http://s3.amazonaws.com/codecademy-content/courses/learn-rails/img/mark-wahlberg.jpg', '1971년 6월 5일 메사추세츠 도체스터(Dorchester) 출생. 형인 도니 웰버그는 80년대 센세이션널한 반응을 일으켰던 미국 하이틴 그룹 \'뉴 키즈 온 더 블록(The New Kids On the Block)\'의 멤버였다.\n\n그 역시 힙합 가수로서 연예계에 처음 발을 들였었다. \'마키 마크\'라는 그룹으로 활동하며 발매한 앨범 \'Music For The People\', \'You Gotta Believe\'는 미국내에서 크게 히트하며 인기를 끌었다.\n\n영화는 페니 마샬의 코메디 〈르네상스 맨〉에서 군대 신참역할을 하면서 영화계에 데뷔하였다. 이후 짐 캐롤의 소설을 원작으로 한 〈바스켓볼 다이어리〉에서 디카프리오의 상대역을 하였다. 제이미 폴리 감독의 〈Fear〉에서 처음으로 주연을 맡았지만, 큰 빛을 보지는 못했다. 국내팬에게는 캘빈 클라인 속옷 모델과 지난 해 개봉한 〈빅히트〉로 소개되었지만, 〈부기 나이트〉로 크게 알려졌다.', 'Mark Robert Michael Wahlberg is an American actor, producer, model, and former rapper. He was known as Marky Mark in his earlier years, b...'),
(7, '마리옹 꼬띠아르', 'Marion Cotillard', 'http://s3.amazonaws.com/codecademy-content/courses/learn-rails/img/marion-cotillard.jpg', '배우인 부모님의 피를 물려받아 어린 시절부터 연극무대에 오르며 연기경험을 쌓았다. 16살에 연기를 시작한 그녀는 유럽의 아름다움을 가진 배우로 고전적이면서 섹시한 이미지를 지니고 있다.팀 버튼의 <빅 피쉬>에서 조세핀 역으로 할리우드 데뷔. 뤽 베송의 <택시>로 세자르 영화제에 노미네이션되고 장-피에르 주네의 로맨틱드라마 <인게이지먼트>로 2005년 세자르 영화제 최우수여우조연상을 수상한다. <어느 멋진 순간>에서는 러셀 크로의 마음을 애타게 만드는 도도한 프랑스 여인 페니 샤넬 역을 연기했으며, <라 비앙 로즈>에서 에디트 피아프의 일생을 훌륭하게 그려내어 미국 아카데미, 영국 아카데미, 세자르, 골든 글로브 시상식의 여우주연상을 휩쓸었다.\n\n이후 <나인>,<퍼블릭 에너미>(2009),<인셉션>(2010),<컨테이젼>,<미드나잇 인 파리>(2011)등 수많은 영화에 출연했으며,크리스토퍼 놀란 감독의 <다크 나이트 라이즈>(2012)에서 악역 미란다역을, 연인 기욤 까네가 연출한 <블러드 타이즈>(2013)에 주연 모니카역으로 출연하였다.', 'Marion Cotillard is a French actress, singer, songwriter, environmentalist and spokesperson for Greenpeace.'),
(8, '로렌스 피시번', 'Laurence Fishburne', 'http://s3.amazonaws.com/codecademy-content/courses/learn-rails/img/laurence-fishburne.jpg', '장교인 아버지와 교사인 어머니 사이에서 출생. 10살 때부터 뉴욕의 연극무대에 서기 시작한다. 그의 재능을 알아본 대부가 극단에 소개했다. 한때 술과 마약에 찌들었던 시절도 있었지만, <지옥의 묵시록>에서 순진한 수병으로 출연하게 된 그는 코폴라의 눈에 들어 <럼블 피쉬>, <병사의 낙원>, <코튼 클럽>에 계속 출연한다. <퀵실버>, <스쿨 데이즈>, <컬러 퍼플>, <킹 오브 뉴욕> 등에 출연하던 로렌스 피시번은 존 싱글턴의 <보이즈 앤 후드>로 비평적, 대중적으로 찬사를 받는다. 이어 <하이어 러닝>, <숀 코너리의 함정>, <오델로>, <이벤트 호라이즌>, <후드럼> 등 불굴의 의지를 가진 흑인 역에 단골로 출연하게 된다. 에미상에도 여러번 노미네이트됐고, 제작에도 참여했다. 92년에는 연극 <투 트레인스 러닝>으로 토니상을 수상했다. 그뿐 아니다. 로렌스 피시번은 96년 유니세프의 미국 대사로 임명돼 홍보광고에도 출연했다. 그리고 마침내 1억달러가 넘는 흥행작 <매트릭스>로 크게 알려지게 된다.', 'Laurence John Fishburne III is an American actor, playwright, director, and producer. He is best known for his roles as Morpheus in the M...'),
(9, '주드 로', 'Jude Law', 'http://s3.amazonaws.com/codecademy-content/courses/learn-rails/img/jude-law.jpg', '1972년 12월 29일 영국 런던 출생. 이름은 비틀즈의 명곡 "Hey Jude"에서 따왔다고 한다. 17세에 고교를 중퇴한 후 연기에 뛰어들어 1992년 런던국제영화제에서 선보인 단편영화 <크레인 The Crane>에서 주연으로 출연한 후 1993년 <쇼핑 Shopping>로 데뷔, 브로드웨이의 흥행작 <무분별(Indiscretion)>로 토니상과 영국의 올리비에상에 노미네이트되면서 주목받기 시작했다.\n96년 헐리웃에 진출, 97년 극작가 오스카 와일드의 전기 영화 <와일드>(97)에서 와일드의 동성애 연인 보씨로 등장하여 영국의 영화 비평가 협회상과 Evening Standard Award를 수상하였다. 97년 <가타카>에서 에단 호크보다 압도적인 연기를 펼쳤고 99년 데이빗 크로넨버그 감독의 <엑시스턴즈>로 불안하고 나약한 인간의 모습을 연기, 높은 평점을 얻었다.\n<콜드 마운틴>에서 니콜 키드먼과 르네 젤위거의 상대역을 연기하였는데, 아카데미와 골든 글로브의 남우주연상 후보로 지명되었다. <리플리>에서는 디키 그린리프의 역을 맡아 아카데미와 골든 글로브의 후보에 오르며 스타덤에 올랐다. 또 스필버그의 공상과학영화 <에이 아이>에 출연하여 다시 골든 글로브 후보에 올랐다.\n시나리오 작가로도 활동하고 있으며, 절친한 친구 이완 맥그리거, 쟈니 리 밀러 등과 함께 \'내츄럴 나일론\'이라는 프로덕션을 설립, <튜브 테일스 Tube Tales>라는 영화로 감독에 데뷔한다.\n2004년 피플 지 선정, 살아있는 가장 섹시한 남자 1위.', 'David Jude Heyworth Law, known professionally as Jude Law, is an English actor, film producer and director. He began acting with the Nati...'),
(10, '기네스 팰트로', 'Gwyneth Paltrow', 'http://s3.amazonaws.com/codecademy-content/courses/learn-rails/img/gwyneth-paltrow.jpg', '기네스 팰트로는 여배우 블라이스 대너와 영화 제작자 브루스 팰트로의 딸로 로스앤젤레스에서 태어났다. 뉴욕의 스펜스 스쿨을 다닌 후 캘리포니아로 옮겨가 산타 바바라의 캘리포니아 대학에서 미술사를 전공했다. 그러나 그녀는 곧 자신이 어머니의 뒤를 이어 연극 무대에 서기를 원한다는 사실을 깨닫고 학교를 그만두었다. 그리고 말 그대로 어머니와 함께 「피크닉」이라는 연극에 출연하며 윌리엄스타운 극장 무대에 섰다. 몇 가지 작은 역할을 맡은 후 「세븐(1995)」에서 조연을 맡았고 당시 함께 출연했던 브래드 피트와 연인 사이가 되었다.\n\n제인 오스틴의 원작을 영화화한 「엠마(1996)」의 주인공 엠마 우드하우스 역과 「슬라이딩 도어즈(1998)」는 영국식 억양으로 연기할 줄 아는 능력과 다른 많은 독립영화들에서도 그랬듯이 그녀의 지칠 줄 모르는 근면한 작업 태도를 보여주었다. 그 성실한 노력은 「셰익스피어 인 러브(1998)」의 비올라 역에 캐스팅되는 성과를 낳았고 그 역으로 팰트로는 아카데미 여우주연상을 수상했다. 웨스 앤더슨의 「로열 테넌바움(2001)」에서 우울증에 걸린 작가 역과 「내겐 너무 가벼운 그녀(2001)」의 감상적이고도 희극적인 역으로 특이한 연기를 보여주었는데, 벤 애플렉과 상당히 떠들썩하게 사귀다가 헤어진 후로 그녀의 연기 활동 스케줄은 상당히 느슨해졌다.\n\n그녀가 새 남자친구이며 영국 록 밴드 콜드플레이의 리드싱어 크리스 마틴에게 더 집중했기 때문이다. 그들은 런던에 살고 있으며 그녀는 데톡스 생활양식을 추구하며 요가에 깊이 빠져 있다. 그들의 로맨스와 이어진 결혼 그리고 두 아이 애플과 모지스의 출산은 「뷰 프롬 더 탑(2003)」과 「실비아(2003)」, 「프루프(2005)」 같은 영화들에 쏠릴 관심까지 빼앗아갔지만, 이른 은퇴에 대한 위협에는 개의치 않고 있다. 팰트로 정도의 대단한 재능을 지닌 배우라면 결코 영화계를 떠나서는 안 될 것이다.\n\n"자랑스럽게 여길 만한 작품들이 없는 것보다는 차라리 큰 집이 없는 편이 낫다."\n\n출처 : 501 영화배우-마로니에북스', 'Gwyneth Kate Paltrow is an American actress, singer, and food writer. Paltrow gained early notice for her work in films such as the psych...'),
(11, '케이트 윈슬렛', 'Kate Winslet', 'http://s3.amazonaws.com/codecademy-content/courses/learn-rails/img/kate-winslet.jpg', '케이트 윈슬렛은 부모와 조부모, 숙부 모두 연기를 생업으로 삼아온 배우 가문 출신이다. 그녀는 어린 시절부터 연기 수업을 받았고 BBC의 「어두운 계절(1991)」과 「피해자(1993)」 같은 시리즈물에서 말 잘하고 총명한 눈빛의 아역을 연기했다. 피터 잭슨 감독의 「천상의 피조물(1994)」에서 살인을 저지르지만 순수한 두 명의 십대 주인공 중 한 명인 줄리엣 흄으로 캐스팅되었다.\n\n그 후 그녀는 옛날 의상을 차려입는 시대극에 주로 출연했다. 「센스 앤 센서빌리티(1995)」의 메리앤 대시우드 역으로 아카데미 여우조연상 후보에 올랐다. 「쥬드(1996)」에서는 수 브라이드헤드를, 「햄릿(2996)」에서는 오필리어를 연기했다. 제임스 카메론 감독은 그녀를 고전적인 스타 배우의 반열에 진입시켰다. 박스오피스의 엄청난 히트를 몰고온 「타이타닉(1997)」에서 동안의 레오나르도 디카프리오의 상대역인 멋진 모자를 쓴 여주인공 역할을 맡긴 것이다. 그 영화는 그녀를 두 번째로, 이번에는 여우주연상 부문에서 아카데미상 후보로 올려놓았다.\n\n영화사상 가장 큰 성공을 거둔 영화에 출연했다는 사실도 윈슬렛을 자기 궤도에서 벗어나게 하지는 못했다. 그녀는 전기 영화 「아이리스(2001)」에서 아이리스 머독 역할을 맡아 좀 더 요란하고 덜 희생당하는 여성을 연기했다. 이 역으로 한 번 더 아카데미 여우조연상 후보에 올랐다. 「히디어스 킨키(1998)」에서는 무책임하고 엉뚱한 괴짜 히피 역을 했고 「퀼스(2000)」를 비롯한 시대극에도 또 출연했다.\n\n윈슬렛의 가장 뛰어난 연기는 「이터널 선샤인(2004)」에서 충분히 매혹적이지만, 기억에서 지우고 싶을 만큼 짜증스러운 여인의 복잡한 역할에서 볼 수 있다. 그 역할은 또 다시 그녀를 아카데미상 후보에 올려놓았다. 최근 그녀는 「리틀 칠드런(2006)」으로 다섯 번째로 후보에 올랐다. 윈슬렛의 많은 팬들은 그녀가 마침내 그 마땅한 트로피를 집으로 가져갈 날이 오기를 손꼽아 기다리고 있다.\n\n"나는 매번 영화가 완성된 후에는 항상, 내가 과연 얼마나 달라졌을까 생각해본다."\n\n출처 : 501 영화배우-마로니에북스', 'Kate Elizabeth Winslet, CBE, is an English actress and singer. She is the recipient of an Academy Award, an Emmy Award, three Golden Glob...'),
(12, '브라이언 크랜스톤', 'Bryan Cranston', 'http://s3.amazonaws.com/codecademy-content/courses/learn-rails/img/bryan-cranston.jpg', ' 미국의 배우, 성우, 작가, 감독이자 연출가이다. 주요 역할로는 AMC 범죄 드라마 시리즈 《브레이킹 배드》의 월터 화이트가 있으며, 시즌5까지 주인공으로 출연 하여 뛰어난 연기력으로 다수의 시상식에서 수상하였다.', 'Bryan Lee Cranston is an American actor, voice actor, screenwriter, director and producer. Cranston is best known for portraying Walter W...'),
(13, '레오나르도 디카프리오', 'Leonardo DiCaprio', 'http://s3.amazonaws.com/codecademy-content/courses/learn-rails/img/leonardo-dicaprio.jpg', '지금까지 전 시대를 통틀어 가장 높은 흥행수익을 올린 블록버스터 영화 「타이타닉(1997)」은 레오나르도 디카프리오를 세계적인 아이콘으로 만들어주었지만, 그 성공은 그가 호평을 받았던 일련의 어려운 역할들을 통해 차근차근 일구어낸 것이다. 이탈리아인과 독일인의 혈통을 받은 디카프리오는 로스앤젤레스에서 태어났다. 그의 아버지는 만화책 도매업자였고 어머니는 법무 보조원이었다. 그가 \'레오나르도\'라는 이름을 갖게 된 것은 임신 중이던 그의 어머니가 이탈리아의 한 미술관에서 레오나르도 다 빈치의 그림을 보고 있을 때, 뱃속에서 그의 발길질을 느꼈고 그래서 그 유명한 예술가의 이름을 따서 아기의 이름을 지었기 때문이다.\n\n디카프리오는 텔레비전 극 「커져가는 아픔(1991~1992)」에서 집 없는 소년 역을 맡아 큰 성공의 기회를 얻었고 이어서 찬사를 받은 몇 편의 독립영화들에 출연했다. 그중 조니 뎁과 함께 출연한 「길버트 그레이프(1993)」로 겨우 열아홉 살의 나이에 아카데미 남우조연상 후보에 오르고, 「디스 보이스 라이프(1993)」에서는 로버트 드 니로와 함께 연기했다. 셰익스피어의 희곡을 새로운 스타일로 연출한 「로미오와 줄리엣(1996)」은 그를 핀업 스타로 만들었고 「타이타닉」은 그런 그의 입지를 정상까지 밀어올렸다. 그는 우디 앨런의 「셀러브러티(1998)」에서 또한 그는 자신의 스타덤을 풍자하기도 했다. 환경문제에 관심을 기울이고 다양한 프로젝트를 기획했다.\n\n알렉스 갈란드의 베스트셀러를 대니 보일이 영화화한 「비치(2000)」에 출연했지만 평은 별로 좋지 않았다. 그는 「캐치 미 이프 유 캔(2002)」의 스티븐 스필버그, 특히 「갱스 오브 뉴욕(2002)」과 「에비에이터(2004)」, 「디파티드(2006)」 세 편을 함께 한 마틴 스콜세즈를 비롯하여 할리우드의 가장 막강한 감독들과 함께 작업했다. 또한 「블러드 다이아몬드(2006)」로 세 번째로 아카데미 남우주연상 후보에 올랐으며, 「레볼루셔너리 로드(2008)」, 「셔터 아일랜드(2010」등에 출연, 2010년「인셉션(2010)」으로는 그의 경력에 큰 상업적 성공을 거두기도 하였다.\n\n2010년 이후, 디카프리오는 "아피아 웨이 프로덕션"이라는 영화 제작사를 설립하고, 「가드너 오브 에덴(2007)」, 「오펀: 천사의 비밀(2009)」, 「레드 라이딩 후드(2011)」등의 영화를 제작하며 영화 제작자로도 활동하기 시작했다.\n\n쿠엔틴 타란티노 감독의 영화 「장고:분노의 추적자(2013)」에서 악역 \'캘빈 캔디\'역으로 연기 변신을 시도했으며, F. 스콧 피츠제럴드의 원작 소설을 영화화한 「위대한 개츠비(2013)」에서 "제이 개츠비"역을 맡아 열연하였다.「더 울프 오브 월 스트리트(2013)」의 "조단 벨포트"를 연기하며, 인간 본성의 탐욕적인 모습과 뇌성마비 환자의 모습등을 훌륭하게 소화하고, 2014년 86회 아카데미 시상식 남우 주연상 후보에 올랐다.\n\n \n\n"감정적으로 병든 인물을 그려내는 일은 나에게 진정으로 연기할 기회를 준다."\n\n출처 : 501 영화배우-마로니에북스', 'Leonardo Wilhelm DiCaprio is an American actor and film producer. He has been nominated for ten Golden Globe Awards, winning two, and fo...'),
(14, '잭 니콜슨', 'Jack Nicholson', 'http://s3.amazonaws.com/codecademy-content/courses/learn-rails/img/jack-nicholson.jpg', '차분하다는 말이 동요되지 않음을 의미하고 쿨하다는 말이 멋쟁이에 매력적이라는 뜻이라면, 대양이 물로 가득 차 있는 만큼 잭 니콜슨은 차분하고 쿨하다. 그는 오랫동안 할리우드 남성성의 정의 그 자체였고 지금도 여전히 그렇다. 그러나 그를 대충 쳐다봐서는 호감이 생기지 않는다. 머리가 빠져 이마는 넓게 벗겨졌고 머리카락은 아무리 빗질을 해도 가지런히 정돈되지 않는다. 제일 좋은 옷을 차려입고 솜씨 좋은 분장사가 단장을 해줘도 여전히 흐트러진 모습이다.\n\n키도 딱히 크다고 할 수 없다. 근육질의 몸매도 아니고. 그의 가장 두드러진 특징은 경쾌한 미소와 꿰뚫어보는 듯한 강렬한 눈빛인데, 그 눈빛도 주로 선글라스에 가려 있다. 그리고 그는 몰랑몰랑한 배와 버럭 화를 내는 성격, 또 주위 사람들에게 채찍으로도 자석으로도 작용할 수 있는 지적인 우월감도 견제하는 법이 없다. 니콜슨은 어머니 같은 할머니와 누나 같은 어머니 밑에서 자랐다. 그는 1960년대에 6년 동안 결혼 생활을 한 적이 있는데, 그 후로는 여러 여자들과 데이트를 하고 그중 여럿과 자식을 낳았지만, 이른바 결혼이 요구하는 법적인 책임에 얽매이지 않고 늘 집을 혼자 차지한 채 영리한 독신 생활을 해왔다.\n\n여러 편의 영화에서 대본을 쓰고 제작과 감독을 한 그는 영화계에서 가장 예리한 지성의 소유자라고 평가된다. 레스토랑에서 한 열성팬이 니콜슨에게 다가가 찬사의 글을 전했는데, 그가 잘못된 문장을 교정하여 다시 돌려주었다는 이야기도 전해진다. 니콜슨은 그렇게 스타이면서 사색가이고 유명인이자 기인인데, 이 점은 그가 매년 LA 레이커스의 경기에 보여 주는 열성만으로도 충분히 알 수 있다. 수년 동안 여러 편의 영화가 그 경기 때문에 제작일정을 중단해야만 했다. \n\n그러나 니콜슨은 무엇보다도 보기 드물게 높은 평가를 받은 배우이다. 그는 데뷔 초 대체로 금방 잊어도 되는 영화에서 금방 잊어도 되는 역할(「엔사인 펄버(1964)」의 돌런 역)들을 연기하며 보냈지만, 텔레비전(「닥터 킬데어(1966)」)에도 출연했고 세월이 흘러 그가 출연했다는 점 때문에 호의적으로 재평가되어 현재 컬트의 고전으로 여겨지는 영화도 몇 편(「흡혈 식물 대소동(1960)」과 「사이크 아웃(1968)」) 있다. 니콜슨은 1960년대 영화산업을 휩쓸던 독립영화의 열기를 타고 1969년에 마침내 자신의 별이 역사적인 상승을 시작하는 것을 목격했다. 아카데미상과 골든글로브상 후보작이었던 「이지 라이더」에서 조지 핸슨이라는 조연으로 등장하면서였다.\n\n고전적인 연기들\n니콜슨은 새로운 황금시대를 알리며 변화하고 있던 미국영화계에서 자신의 개성을 재빨리 확립했다. 그는 당대의 가장 기억에 남고 중요한 영화 몇 편에서 주연을 맡았는데, 꼽아보자면 「잃어버린 전주곡(1970)」과 「최후의 지령(1973)」, 「차이나타운(1974)」, 「토미(1975)」, 「뻐꾸기 둥지 위로 날아간 새(1975)」, 「샤이닝(1980)」 등이 있다. 그러나 그 후 이 황금시대는 새롭게 구축된 매스미디어 거대기업들의 통제 아래서 다시 힘을 얻게 된 스튜디오들에 의해 무너져내렸다. 그러나 재능의 위계에서 정상을 차지하는 니콜슨의 입지는 여전히 막강하다.\n\n「레즈(1981)」와 「애정의 조건(1983)」, 「프리지스 오너(1985)」, 「배트맨(1989)」, 「어 퓨 굿 맨(1992)」, 「화성 침공(1996)」, 「이보다 더 좋을 순 없다(1997)」, 「사랑할 때 버려야할 아까운 것들(2003)」까지 이 다양한 영화에서 그는 사악하면서도 섬세한 다면성을 증명하면서 흥행과 비평적 찬사를 모두 건져올렸다.\n\n잭에 관한 잡다한 이야기\n\n잭 니콜슨은 배우로서 50년 동안 인기를 누려왔고 1960년대부터 시작해서 10년 단위로 꼭 한 번씩은 아카데미상 후보에 올랐다. 「이보다 더 좋을 순 없다」로 일곱 번째로 후보에 오르면서 로렌스 올리비에를 제치고 최다 후보 배우라는 타이틀을 차지했다(현재까지 12번 후보에 오른 기록 남김). 이 불후의 스타는 지금도 감독들의 출연 요청을 받고 있고 박스오피스로 관객을 끌어들이는 확실한 열쇠다.\n\n· 별명은 멀홀랜드 드라이브?그의 거주지?인데, 말론 브랜도와 워렌 비티도 그곳 주민이어서 \'배드 보이즈 드라이브\'라고도 알려져 있다.\n· 배우 겸 감독 데니 드 비토와는 어린 시절부터 친구 사이. 두 배우의 친척들이 함께 미용실을 운영했었다.\n· 파블로 피카소와 타마라 드 렘피카의 작품을 포함한 상당량의 미술품 소유.\n· LA 레이커스의 열성팬. 그가 출연하는 영화 제작자들은 그가 좋아하는 농구팀 경기 일정에 맞춰 촬영 일정 조정해야 함.\n· 그가 가장 오래 사귄 사람은 여배우 앤젤리카 휴스턴으로 둘은 17년 동안 함께했다. 레베카 브루사드가 그의 아이를 임신했다는 기사가 보도되었을 때 둘의 관계는 끝났다.\n· 아카데미상 후보에는 오르지 못했지만 「샤이닝」에서의 연기는 그의 가장 빼어난 연기로 남아 있다.\n\n"선글라스를 쓰면 나는 잭 니콜슨이다. 그게 없으면 난 그저 뚱뚱한 칠십대 노인일 뿐이다."\n\n출처 : 501 영화배우-마로니에북스', 'John Joseph "Jack" Nicholson is an American actor, film director, producer, and writer. Throughout his career, Nicholson has portrayed un...'),
(15, '조셉 고든 레빗', 'Joseph Gordon-Levitt', 'http://s3.amazonaws.com/codecademy-content/courses/learn-rails/img/joseph-gordon-levitt.jpg', '인기 ‘미드’ 〈솔로몬 가족은 외계인(3rd Rock from the Sun)〉의 엉뚱한 외계인 소년으로 우리에게 익숙한 배우 조셉 고든 레빗은 〈미스테리우스 스킨(Mysterious Skin)〉, 〈룩 아웃(The Lookout)〉 등 작품성 있는 독립영화에 연이어 출연하며 차세대 연기파 배우로 각광받고 있는, 현재 헐리우드가 가장 주목하고 있는 배우이다. \n\n2007년에는 〈킬 빌(Kill Bill〉의 쿠엔틴 타란티노가 제작하고, 〈셰익스피어 인 러브 (Shakespeare In Love)〉의 존 매든 감독이 연출한 〈킬샷(Killshot)〉에서 다이엔 레인, 미키 루크 등 선배 스타와 어깨를 나란히 했다. 차가움과 뜨거움, 진지함과 장난꾸러기 같은 면이 공존하는 외모와 단연 돋보이는 연기력으로 사랑 받고 있는 조셉 고든 레빗, 이제 그의 매력을 〈브릭〉에서 확인할 수 있다.', 'Joseph Leonard Gordon-Levitt is an American actor and filmmaker. As a child star, he appeared in the films A River Runs Through It, Angel...'),
(16, '톰 하디', 'Tom Hardy', 'http://s3.amazonaws.com/codecademy-content/courses/learn-rails/img/tom-hardy.jpg', '잉글랜드의 배우이다. 그는 전쟁 영화 블랙 호크 다운으로 장편 영화에 데뷔하였다. 그의 주목할 만한 또 다른 작품으로 사이언스 픽션 필름인 네메시스(2002)를 포함해 , 범죄 영화 락큰롤라,심리적인 전기 드라마 장기수 브론슨의 고백(2008), SF 스릴러 인셉션 (2010) , 스포츠 드라마 워리어 (2011), 냉전 스파이물 팅커 테일러 솔저 스파이(2011) , 범죄 드라마 로우리스:나쁜 영웅들(2012) 그리고 로크(2013)가 있다. 그는 또한 히어로 무비인 다크 나이트 라이즈(2012)에서 악역인 베인 역할을 맡았으며, 데니스 루헤인의 소설을 원작으로 한 맙스터 범죄 드라마 더 드롭(2014)와 조지 밀러가 3년만에 선보인 포스트 아포칼립스 액션 영화인 매드 맥스: 분노의 도로에서 주인공인 맥스 로카탄스키 역할을 맡기도 하였다.\n\n하디의 텔레비전 출연으로는 HBO 전쟁 미니시리즈 드라마 밴드 오브 브라더스(2001), BBC의 미스터리 전쟁 드라마 더 버진 퀸(2005), ITV의 폭풍의 언덕(2008),BBC의 영국 역사 범죄극 텔레비전 시리즈인 피키 블라인더스(2013), 스카이 1의 시리즈 드라마 더 테이크(2009)이 있다.\n\n하디는 무엇보다 영국과 미국 무대 모두에서 배우로 활동하고 있다. 그는 2003년에 인 아라비아, 위드 올 비 킹스 연극으로 로런스 올리비에상에 신인 후보로 지명되었으며, 여기서 루카 역할을 연기하며 2003 런던 이브닝 스탠다드 피에타 어워드에서 수상하기도 하였다.', 'Edward Thomas "Tom" Hardy is an English actor. Hardy\'s notable film roles include the science fiction film Star Trek: Nemesis, the Guy Ri...'),
(17, '킬리언 머피', 'Cillian Murphy', 'http://s3.amazonaws.com/codecademy-content/courses/learn-rails/img/cillian-murphy.jpg', '아일랜드 배우인 킬리언 머피는 <트레인스포팅>으로 혜성처럼 등장했던 영국의 대니 보일 감독이 작업한 영화 <28일 후>의 성공으로 스타가 되었다. 그의 대표적인 작품으로는 존 카니 감독의 <온 디 에지(On the Edge)>(부산국제영화제 출품작 <세상 끝으로>)가 있다. 또한 그는 배우에 만족하지 않고 팔로마 비자와 이란 단편 영화를 공동 집필해 터너 클래식 무비 어워드에 노미네이트 되는 등 제2의 대니 보일 감독이 되기 위해 끊임없이 노력하고 있다.', 'Cillian Murphy is an Irish actor of stage and screen. Since making his debut in his home country in the late 1990s, Murphy has also becom...'),
(18, '크리스찬 베일', 'Christian Bale', 'http://s3.amazonaws.com/codecademy-content/courses/learn-rails/img/christian-bale.jpg', '〈아메리칸 사이코〉에서 미묘하고도 절제된 광기를 손에 땀날 정도로 기가 막히게 연기했던 ‘크리스찬 베일’. 1974년생, 영국 웨일즈 출신으로 스티븐 스필버그 감독의 〈태양의 제국〉에서 4000여명의 아이들을 오디션에서 제치고 주인공 ‘짐’역에 캐스팅 됐었다. 이후 〈작은 아씨들〉에서 위노나 라이더와 호흡을 맞춰 젊은 관객들의 가슴을 사로잡기도 했고, 제인 캠피온 감독의 〈여인의 초상〉, 토드 헤인즈 감독의 〈벨벳 골드마인〉, 그리고 메리 해론 감독의 〈아메리칸 싸이코〉 등에서 호연하며 평단의 찬사를 받았다. \n\n특히 레오나르도 디카프리오가 주인공을 맡았을 뻔 했던 이 〈아메리칸 사이코〉에서 패션에 집착하는 연쇄살인범 역으로 그는 런던 영화 비평가 협회, 엠파이어 매거진, 그리고 온라인 영화 비평가 협회로부터 남우주연상 후보에 지명된 바 있다. 또, 사뮤엘 L 잭슨과 액션 스릴러 〈섀프트〉에 출연했으며, 니콜라스 케이지, 페네로페 크루즈와 함께 비극적인 삼각관계 러브스토리를 그린 〈코렐리의 만돌린〉에서 멜로연기에 도전한 바 있다. 그는 젊은 유부남이기도 하다. 〈처음 만나는 자유〉에 출연했던 여배우 ‘시비 블라직’과 2000년도에 결혼, 행복한 가정을 꾸리고 있으며, 동물 애호가, 환경 운동가로도 활약, 사회참여에 적극적인 배우로도 유명하다. 최근 ‘프리미어’지에서는 ‘30세 이하 중 가장 주목받을 남자배우’로 그를 첫손에 꼽은 바 있다.', 'Christian Charles Philip Bale is an English actor. He has starred in both blockbuster films and smaller projects from independent produce...'),
(19, '모건 프리먼', 'Morgan Freeman', 'http://s3.amazonaws.com/codecademy-content/courses/learn-rails/img/morgan-freeman.jpg', '어린이 텔레비전 프로그램에서 시작해서 「밀리언 달러 베이비(2004)」의 복서 출신 에디 \'스크랩 아이언\' 듀프리스 역으로 아카데미 남우조연상 수상자가 된 모건 프리먼은 오늘날의 할리우드에서 피부색과 나이의 장벽 둘 모두를 뛰어넘어 대단한 존경을 받는 배우로서 살아가는 유례없는 인물이다. 연극 무대에서 연기를 배운 프리먼이 처음 명성의 맛을 본 것은 텔레비전에서였지만, 진정으로 기억에 남는 배우로 떠오른 것은 「스트리트 스마트(1987)」의 잔인한 포주를 연기하면서였고 그 역할로 아카데미 남우조연상 후보에도 올랐다. 그때까지 아프리카계 미국 배우라면 대부분이 거쳐 가는 연기 인생의 경로를 모두 탐색한 후였기에, 그는 자신의 범위를 확장할 수 있는 잠재력을 완벽하게 갖추고 있었다.\n\n1980년대 후반부터 그는 새로운 기회들에서 최대의 효과를 이끌어내기 시작했다. 「영광의 깃발(1989)」에서는 남북전쟁 당시 연방군 병사를 연기했고 「고독한 스승(1989)」에서는 도심의 고등학교 선생님이었으며, 「드라이빙 미스 데이지(1989)」에서는 남부 노부인의 운전기사 역을 연기해 남우주연상으로 또 한 번 아카데미 후보에 올랐고 「쇼생크 탈출(1994)」에서는 누명을 쓰고 수감된 은행가 팀 로빈스의 감방동료 역할로 세 번째로 아카데미 후보가 되었다.\n\n이 중요한 역할들은 완전히 새로운 하나의 세계를 열어놓으며, 프리먼을 탁월한 영화 연기자의 동의어로 만들어놓았는데, 이는 흑인배우로서뿐 아니라 쉰 살이 넘은 배우로서도 매우 드문 성취가 아닐 수 없다. 그때부터 그는 「드림캐처(2003)」에서처럼 사악한 역할이든, 「세븐(1995)」에서처럼 영웅적인 역할이든 다양한 역을 고루 연기했다. 「브루스 올마이티(2003)」에서는 심지어 하느님을 연기하기도 했다. 프리먼은 지금도 꾸준히 활동하며 「펭귄?위대한 모험(2005)」이나 「노예제와 미국의 형성(2005)」 같은 영화에서 내레이터로서 새로운 일을 즐기고 있다.\n\n"평생 나 자신을 떠안고 살아왔기에 내가 나를 쳐다보면 보이는 건 나뿐이다. 따분한 노릇이다."\n\n출처 : 501 영화배우-마로니에북스', 'Morgan Freeman is an American actor, film director, and narrator. Freeman has received Academy Award nominations for his performances in ...'),
(20, '로버트 다우니 주니어', 'Robert Downey Jr.', 'http://s3.amazonaws.com/codecademy-content/courses/learn-rails/img/rdj.jpg', '독립영화감독 로버트 다우니 시니어의 아들인 그는 「신비의 체험(1985)」과 「환상의 발라드(1987)」 같은 십대 코미디 영화에 출연하며 연기생활을 시작했다. 이어 「회색 도시(1987)」에서 마약에 찌든 로스앤젤레스 젊은이를 연기했고, 그 후 전기 영화 「채플린(1992)」으로 아카데미 남우주연상 후보에 오르면서 비평적 찬사를 받았다. 그 후에는 여러 번의 체포와 조연 연기들, 코믹한 텔레비전 시리즈 「앨리의 사랑 만들기(2000~2002)」에서의 짧은 성공 그리고 마약을 끊기 위한 지속적인 고투가 이어졌다.\n\n그 모든 것을 거치면서도 다우니는 여전히 뛰어난 배우로 남아 있다. 한 번도 블록버스터에 출연한 적이 없는 그는 같은 세대 주연 배우들의 명단에서 간과되는 배우이기도 하다. 그러나 「숏 컷(1993)」과 「내추럴 본 킬러(1994)」, 「키스 키스 뱅 뱅(2005)」 등은 그의 명성을 뒷받침해주는 보석 같은 영화들로, 그의 앞으로의 작업을 통해 계속 이어질 것이다. 개인사의 드라마가 빠져준다면 더 바랄 것이 없을 것이다. 다우니에게 음악은 제2의 직업이다. 그는 폴리스의 \'Every Breath You Take\'(1983)를 스팅과 듀엣으로 불렀고 엘튼 존의 \'I Want Love\'(2001)의 뮤직 비디오에 출연했으며 데뷔 앨범 \'The Futurist\'(2004)를 발표했다.\n\n출처 : 501 영화배우-마로니에북스', 'Robert John Downey Jr. is an American actor, producer, and singer. Making his screen debut at the age of five, appearing in his father Ro...'),
(21, '테렌스 하워드', 'Terrence Howard', 'http://s3.amazonaws.com/codecademy-content/courses/learn-rails/img/terrence-howard.jpg', '그는 최근 2005년 여름 개봉 예정인 존 싱글톤 프로덕션의 〈허슬 & 플로우〉에서의 강한 연기로 엔터테인먼트 위클리지에서 새로운 \'인디 영화의 왕\' 자리에 등극했다. \n\n최근 그는 라이온스 게이트 필름의 〈크래쉬〉에서 산드라 블록, 돈 치들, 탠디 뉴튼 등과 함께 멋진 연기를 보여주었다. \n\n텔레비전에서도 강한 존재감을 보여주었던 하워드는 최근 2005년 상반기에 비평가들의 극찬을 받았던 HBO의 영화 〈 Lackawanna Blues 〉에서 멋진 연기를 보여주었다. 최근 하워드는 HBO와 아웃캐스트가 함께 한 영화 〈 My Life in Idlewild 〉의 작업을 마쳤다. 또한 그는 짐 쉐리단 감독의 새 영화, 래퍼인 \'50 센트\'의 이야기를 그린 〈 Get Rich or Die Tryin 〉을 래퍼 50센트와 함께 촬영 중에 있다.\n\n하워드는 독학으로 피아노와 기타를 배웠다. 그는 2004년 〈레이〉에서 아카데미 상 수상자인 제이미 폭스와 함께 출연해 그의 음악적 재능을 선보였으며, 이 영화로 인해 두 배우 모두 SAG의 후보에 올랐다.\n\n존 싱글턴 감독이 제작한 힙합드라마 〈허슬 & 플로우〉에서 주인공 DJ 역을 맡아 엔터테인먼트 위클리지에서 새로운 ‘인디영화의 왕’ 자리에 뽑히기도 한 그는, 최근 국내에서는 〈포 브라더스〉에서 4형제를 돕는 오랜 친구 형사로 나와 인상적인 연기를 펼쳤다.', 'Terrence Dashon Howard is an American actor and singer. Having his first major role in the 1995 film Dead Presidents, and Mr. Holland\'s O...'),
(22, '제프 브리지스', 'Jeff Bridges', 'http://s3.amazonaws.com/codecademy-content/courses/learn-rails/img/jeff-bridges.jpg', '할리우드의 거인 로이드 브리지스의 아들이자 역시 배우인 보 브리지스의 동생인 제프 브리지스는, 자기 아버지가 중심이 된 텔레비전 시리즈 「씨 헌트(1958)」에서 연기를 시작했다. 그 후 텔레비전과 영화에서 단역으로 활동하다가 스물두 살 때, 래리 맥머트리의 소설을 각색한 피터 보그다노비치 감독의 「라스트 픽처 쇼(1971)」의 듀에인 잭슨이라는 중요한 배역을 맡게 되었다. 아카데미 남우조연상 후보에 오르고 주목해야 할 역량 있는 배우로 인정받으면서, 클린트 이스트우드와 함께 연기한 「대도적(1974)」으로 또 한 번 아카데미 후보에 올랐고 리메이크한 「킹콩(1976)」에서는 거대한 고릴라를 해치웠다.\n\n그런 다음 브리지스는 마이클 치미노의 대작 서부극 「천국의 문(1980)」과 디즈니의 「트론(1982)」에서 두 가지 특이한 역할을 맡았다. 80년대 중반에 이르면, 「스타맨(1984)」과 「톱니바퀴의 칼날(1985)」에서 카리스마 있는 연기 스타일을 확립하게 되고 이어서 「라스트 픽처 쇼」에서 연기했던 듀에인 잭슨 역할을 속편 「텍사스빌(1990)」에서 다시 연기하며 또 다른 버전의 자신이 되었는데, 이번에는 실험적인 동시에 오락적이기도 했다. 「피셔 킹(1991)」은 그의 스타일을 낱낱이 보여 주며, 「공포 탈출(1993)」과 「위대한 레보스키(1998)」 그리고 드라마틱한 연기를 보여 준 「컨텐더(2000)」와 「씨비스킷(2003)」도 그런 스타일에 포함된다.\n\n「아메리칸 하트(1992)」와 「위대한 레보스키」는 그의 강점이 주류 할리우드 영화뿐 아니라 독립 영화에서도 잘 발휘됨을 증명했다. 배우로서는 드물게도 수십 년 동안 행복한 결혼 생활을 유지하고 있으며, 이제는 섹시한 배우로도 확고히 자리 잡아 알몸으로 있어도 자연스럽다. 그는 새로운 할리우드에 속한 옛 할리우드식 스타다. 오만하지 않으면서 상냥하고 재능 있으면서도 까다롭지 않으며 능력 있고 설득력 있는 그는 또한 상당한 수준에 이른 만화가이자 사진가이기도 하다. 그가 어린이 소설 작가로 연기한 「도어 인 더 플로어(2004)」에서 그의 그림을 볼 수 있다.\n\n"나는 사이코 살인자부터 낭만적인 주인공까지 모두 다 연기해 봤다."\n\n출처 : 501 영화배우-마로니에북스', 'Jeffrey Leon "Jeff" Bridges is an American actor, country musician, and producer. He comes from a well-known acting family and began his ...'),
(23, '레이첼 맥아담스', 'Rachel McAdams', 'http://s3.amazonaws.com/codecademy-content/courses/learn-rails/img/rachel-mcadams.jpg', '캐나다 태생으로, 토론토의 외곽에서 자랐다. 4살 때부터 시작한 피겨 스케이팅을 고등학교 때까지 한 그녀는 줄곧 배우를 꿈꿔왔지만, 동네 극장조차 없는 작은 마을에서 기회를 찾기란 쉬운 일이 아니었다. 13살 때, 여름 캠프가 그녀의 동네로 오게 되었고, 그곳에서 셰익스피어의 작품에서 연기를 하게 되었다. 맥아담스는 요크 대학의 BFA 학위로 명예 졸업을 하였고, 학교의 수많은 연극 무대에 올랐다. 그녀는 〈퍼팩트 파이〉로 캐나다의 아카데미로 불리우는 Genie Award의 후보에 올랐고, 〈Slings and Arrows〉에서 그녀는 2004년 캐나다의 에미로 불리우는 Gemini상을 수상하였다.\n\n디즈니의 〈핫 칙〉으로 \'자고 일어나니 스타가 돼 있었다\'는 거짓말 같은 현실을 경험했다. 그러나 이런 행운은 그냥 얻어진 것은 아니다. 그녀는 끊임없이 노력하는 배우로 정평이 나 있다. 상대 배우인 라이언 고슬링은 그녀는 아무리 불편하고 어려운 촬영 상황이라도 모든 장면에 최선을 다하는 배우라며 깊은 만족감을 표했다. 그녀는 최근 개봉된 〈퀀카로 살아나는 법〉에서 인상적인 연기로 국내 팬들에게 첫 인사를 했다.', 'Rachel Anne McAdams is a Canadian actress. After graduating from a four-year theatre program at York University in 2001, she initially wo...'),
(24, '마크 스트롱', 'Mark Strong', 'http://s3.amazonaws.com/codecademy-content/courses/learn-rails/img/mark-strong.jpg', '로열 셰익스피어 컴퍼니, 내셔널 시어터의 무대에서 활약해 온 마크 스트롱은 빌 사이크스의 악당 동료 토비 크래킷을 연기했다. \n\n1963년 8월 영국 런던에서 이탈리아인의 부친과 오스트리아인의 모친의 사이에서 태어난다. 당초 법조계를 지망했지만, 1년간 뮌헨에 유학 후 런던의 대학에서 영어와 연극을 전공. 그 후 브리스톨 올드 빅 시어터 스쿨에서 연기를 배웠다.\n\n내셔널 시어터의 〈세일즈맨의 죽음〉(96/97) 등으로 높은 평가를 받았고, 〈12야〉(02)로는 로렌스 올리비에상 조연 남우상에 노미네이트되었다.\n\n영화 데뷔는 클라이브 오웬 주연의 〈Century〉(93). 〈이프 온리〉(98), 호아킨 피닉스와 공동 출연한 〈It\'s All About Love〉(03) 등에 출연. 차기작으로 조지 클루니 주연의 〈Syriana〉 가이 리치 감독의 〈Revolver〉가 있다.', 'Mark Strong is an English film and television actor. He is best known for his role in the television series Our Friends in the North and ...'),
(25, '다이안 레인', 'Diane Lane', 'http://s3.amazonaws.com/codecademy-content/courses/learn-rails/img/diane-lane.jpg', '연극 연출가를 아버지로, 플레이 보이지의 모델을 어머니로 둔 그녀는 이미 6살 때부터 유명한 연출가 죠섭 팝파로부터 사사를 받아 오프 브로드 웨이의 무대에서 경력을 쌓았다.\n\n76-77년 링컨 센터에서 공연된 연극 <아가멤논>과 <런 어웨이>에 출연했고, 78년의 <벚꽃 언덕> 등은 비평가로부터, 관객으로부터 지지를 받아 천재 소녀다운 면모를 발휘하기도 했다.\n\n79년 조지 로이 힐 감독의 <리틀 로맨스>로 영화에 데뷔, 일약 타임지의 표지를 장식한다. 또래 라이벌 스타 중 가장 출중한 연기력과 뛰어난 작품 선택의 안목까지 지녀 출연작마다 화제가 되었다. 특히 거장 프란시스 코폴라의 \'블랫 팩 사단\' 일원으로 코폴라가 가장 아끼는 여배우로 <아웃 사이더>, <럼블 피쉬>, <코튼 클럽>으로 확실한 스타덤에 올랐다.\n\n윌터 힐 감독의 <스트리츠 오브 화이어>에서는 번쩍거리는 빨간 원피스를 입고 무대위에서 경렬하게 노래를 부르는 로콘롤의 여왕으로 관능미를 뽐내는 성숙한 여인으로서의 연기로 성인 연기자로서의 모습을 보였다.\n\n이후 영화 출연을 하지 않던 다이안 레인은 87년에 출연한 두 편의 영화 <나이트 게임>과 <빅타운>에서 두편 모두 누드로 나와 화제를 모았다. 88년의 영화 <사랑에 흔들려/프라이스레스 뷰티>에서 상대역으로 나왔던 크리스토퍼 램버트와 촬영 중 사랑하게 되어 이해 10월에 결혼하였다. 이후 남편과 서양장기 체스를 둘러싼 살인 음모를 소재로 한 <나이트 무브>에 나란히 출연하였고, 이후 슬럼프에 빠지기도 했으나, 리챠드 아텐보로 감독의 <채플린>에서 고다르 역으로 열연, 재기에 성공하였다. 이후 <와일드 빌>, <저지 드레드>, <잭> 등에서 과거의 연약한 모습을 벗어던지고 좀더 성숙하고 적극적인 연기자로서의 면모를 보여주었다.\n\n영화 <언페이스풀> 이후 <투스카니의 태양> 등 다시 활발한 활동을 하고 있다.', 'Diane Lane is an American actress. Born and raised in New York City, Lane made her screen debut in George Roy Hill\'s 1979 film A Little R...'),
(26, '엘렌 페이지', 'Ellen Page', 'http://s3.amazonaws.com/codecademy-content/courses/learn-rails/img/ellen-page.jpg', '캐나다 출신. 1997년 영화 <핏 포니>로 데뷔하였다. 2005년 사이코 스릴러 영화 <하드 캔디>에서 패트릭 윌슨과 열연을 펼쳐 선댄스 영화제를 통해 전세계 영화팬들에게 소개되었다. 블록버스터 <엑스맨3: 최후의 전쟁>에 캐스팅되어 벽을 통과하는 소녀로 변신, 깜찍한 외모와 연기로 전 세계 영화 팬들의 관심을 한 몸에 받았다. 2010년 크리스토퍼 놀란 감독의 화제작 <인셉션>에서 건축학도 \'아리아드네\' 역을 맡아 화제를 모은 바 있다.', 'Ellen Philpotts-Page, known professionally as Ellen Page, is a Canadian actress. She started her career in Canada with roles in the telev...'),
(27, '앤 해서웨이', 'Anne Hathaway', 'http://s3.amazonaws.com/codecademy-content/courses/learn-rails/img/anne-hathaway.jpg', '뉴저지의 페이퍼 밀 플레이하우스와 뉴욕 대학교 부속 교육 기관인 CAP21에서 교육을 받았다. 폭스의 드라마 시리즈인 < Get Real >에서도 주연을 맡아 "2000년 10대가 선정하는 상"이 수여하는 연기자/텔레비전 부문에 후보자로 지명됐다. 그녀는 또한 2000년 영 아티스트 상이 수여하는 텔레비전 시리즈 부문 최우수 연기자 상 후보에 지명됐다. <프린세스 다이어리>로 성공적으로 데뷔, 대학에 진학했다.\n\n이안 감독의 <브로크백 마운틴>에서 제이크 질렌할의 상대역으로 인상 깊은 연기를 보였다. 이 작품은 2005년 베니스영화제에서 황금사자상과 2개의 아카데미 상을 수상했다. 앤 해서웨이는 뉴욕 브로드웨이 댄스센터의 뛰어난 무용수로도 유명하다. <악마는 프라다를 입는다>에서는 사회에 첫발을 디딘 신입사원으로 온갖 고생을 하며 사회의 쓴맛을 겪는 앤드리아 삭스를 열연, 관객의 공감을 이끌어냈다', 'Anne Jacqueline Hathaway is an American actress, singer, and producer. After several stage roles, she appeared in the 1999 television ser...'),
(28, '마이클 케인', 'Michael Caine', 'http://s3.amazonaws.com/codecademy-content/courses/learn-rails/img/michael-caine.jpg', '마이클 케인은 어시장 짐꾼과 청소부의 아들로 태어났다. 학교를 졸업한 후 여러 가지 막노동을 하다가 영국군에 입대하여 독일과 한국에서 복무했다. 영국으로 돌아온 그는 배우가 되어야겠다는 결심을 하고 레퍼토리 극단들에서 무대감독 보조로 일하기 시작했다. 원래 그의 예명은 \'마이클 스코트\'였는데, 텔레비전의 한 역할에 캐스팅 제안을 받고 영국 배우노동조합에 가입하려고 보니 거기에 이미 마이클 스코트란 배우가 등록되어 있었다. 케인의 에이전트가 그에게 전화를 걸어 30분 안에 이름을 생각해내라고 했다. 당시 그는 런던의 시네마 메카 레스터광장에 있었는데, 거기서 케인이 아주 좋아하는 배우였던 험프리 보가트 주연의 「케인 호의 폭동(1954)」이 상영되고 있었고 그리하여 \'마이클 케인\'이라는 이름이 탄생했다.\n\n그는 수많은 단역을 연기하다가 「줄루(1964)」를 통해 큰 기회를 잡았다. 여기서 케인은 상류층의 장교 역을 연기하기 위해 런던 토박이 억양을 많이 억제해야 했지만, 그 특유의 억양은 「국제첩보국(1965)」의 침울한 스파이 해리 팔머 역과 「알피(1966)」의 난봉꾼 주인공을 연기하면서 다시 돌아왔다. 그 역할들은 그를 큰 스타로 키워놓았고 「이탈리안 잡(1969)」과 「겟 카터(1971)」에서 아이콘적인 범죄자 역할들을 맡게 해주었다.\n\n1970년대부터는 다양한 성격 배우로 연기해왔다. 「리타 길들이기(1983)」에서는 학자이자 교육자였고, 우디 앨런의 「한나와 그 자매들(1986)」에서는 부정한 남편으로 빼어난 연기를 선보여 아카데미 남우조연상을 수상했으며, 존 어빙 원작의 「사이더 하우스(1999)」의 의사이자 낙태시술자 역할로 두 번째 아카데미상을 받았고 「배트맨 비긴즈(2005)」에서는 집사 앨프리드를 연기했다. 2000년에 기사 작위를 받은 케인은 여전히 정신없이 바쁜 촬영스케줄에 따라 살고 있다. 그는 두 번째 아내인 배우이자 모델 샤키라 케인과 1973년부터 행복한 결혼생활을 이어오고 있다. 그들 사이에는 나타샤라는 딸이 한 명 있다.\n\n"내가 출연한 영화 중에 새벽 두 시에 텔레비전에서 방영되는 게 하도 많아서 사람들이 내가 죽었다고 생각할 정도다."\n\n출처 : 501 영화배우-마로니에북스', 'Sir Michael Caine, CBE is an English actor and author. Renowned for his distinctive Cockney accent, Caine has appeared in over 115 films ...'),
(29, '나탈리 포트만', 'Natalie Portman', 'http://s3.amazonaws.com/codecademy-content/courses/learn-rails/img/natalie-portman.png', '나탈리 포트만은 이스라엘에서 태어났지만 그녀가 세 살 때 그녀의 가족은 미국으로 이주했다. 포트만은 네 살 때 무용교습을 받기 시작했고 학교가 방학일 때는 극단 캠프에서 보냈다. 그녀는 뤽 베송의 「레옹(1994)」에서 정서적인 상처를 입은 살인청부업자에게 보호받는, 오갈 데 없는 12세 소녀 역할로 인상적인 데뷔를 하며 두각을 나타냈다.\n\n뛰어난 재능을 지닌 그녀는 「히트(1995)」와 「뷰티풀 걸(1996)」, 「에브리원 세즈 아이 러브 유(1996)」 그리고 대통령의 반항적인 딸로 코믹 연기를 선보인 「화성침공(1996)」과 「여기 아닌 어딘가에(1999)」 등의 영화로 점점 유명세를 더해갔다. 조지 루카스는 「스타워즈 에피소드 1 : 보이지 않는 위험(1999)」에서 쌍둥이 루크 스카이워커와 레아 오가나 공주의 어머니가 되는 파드메 아미달라 여왕 역할에 포트만을 캐스팅했다.\n\n그 시리즈는 「스타워즈 에피소드 3 : 시스의 복수(2005)」에서 여왕이 출산 중 사망할 때까지 그녀에게 특이한 헤어스타일과 의상을 부여하고, 그녀가 성장하는 모습을 대중의 눈앞에 보여주었지만, 그 역할을 연기하는 것은 배우로서 그녀에게 별다른 능력이 요구되지 않았다. 그러는 동안 그녀는 브로드웨이 무대에도 섰고 하버드 대학에서 심리학도 공부했다. 「노블리(2000)」의 임신한 십대 역과 「콜드 마운틴(2003)」에서 아이와 함께 남북전쟁에서 살아남은 여인, 사랑의 사각관계 「클로저(2004)」에서는 스트립댄서 등 연기하기 쉽지 않은 역할에 계속 도전했다.\n\n「클로저」로 아카데미 여우조연상 후보에도 올랐다. 최근에는 만화의 디스토피아를 영화로 옮겨낸 「브이 포 벤데타(2005)」에서 삭발 연기를 선보였다. 또 이스라엘에서 「프리 존(2005)」을 찍었는데, 예루살렘 통곡의 벽 앞에서 키스 장면을 찍어서 논란이 되기도 했다. 결국 영화는 그 장면이 삭제된 채 개봉되었다.\n\n"연기에서는 다소 결여된, 무시할 수 없는 지적인 측면이 있다."\n\n출처 : 501 영화배우-마로니에북스', 'Natalie Portman is an Israeli-born American actress, producer, and director. Her first role was in the 1994 action thriller Lon: The Pr...'),
(30, '클라이브 오웬', 'Clive Owen', 'http://s3.amazonaws.com/codecademy-content/courses/learn-rails/img/clive-owen.jpg', '영국 출신의 연기자인 클라이브 오웬은 왕립 드라마 아카데미에서 수학했다. 24세의 나이에 2년 동안 RADA를 이끈 다음 TV 시리즈인 < Chancer >에 출연하여 대중의 사랑을 사로잡기 시작했다. 1990년대에는 연극무대와 영화를 오갔는데, 대표적인 희곡작품으로는 < The Philanderer >, < Design for Living >, <클로저> 등이 있고, 영화작품으로는 <센츄리>, < An Evening with Gary Lineker > 등이 있다. 2000년에 미국에서 개봉되어 공전의 히트를 한 작품인 < Croupier >에서 잭 맨프레드 역을 호연했으며, 이어서 로버트 알트만 감독의 시대극인 <고스포드 파크>, 맷 데이먼의 상대역으로 나온 <본 아이덴티티> 등에 출연했다. 지난 3년 동안 BMW 상업광고인 < Hire > 시리즈에 출연했다.\n\n이후 맷 데이먼과 <본 아이덴티티>를, 안젤리나 졸리와 <머나먼 사랑>에 출연하며 자신의 존재를 알려나가던 그는 2004년, 줄리아 로버츠, 나탈리 포트만, 주드 로와 함께 출연한 <클로저>로 인상적인 연기를 선보이게 된다. <클로저>를 통해 냉정한 얼굴 이면에 복잡한 감정 세계를 가진 래리 역을 완벽하게 소화한 그는 골든 글로브 남우 조연상, 뉴욕 비평가상을 수상하고 아카데미상 후보에 오르는 영광의 주인공이 되었다. 그 후 흥행의 마이다스 제리 브룩하이머가 제작을 맡은 <킹 아더>에서 넘치는 카리스마를 뿜어내는 아더왕으로, 로버트 로드리게즈 감독의<씬 시티>에서는 차가우면서도 뜨거운 이미지가 공존하는 그만의 독특한 멋을 발산했으며 제니퍼 애니스톤과 함께 불륜에 빠진 두 기혼 남녀의 이야기를 그린 로맨틱 스릴러 <디레일드>에 출연하기도 했다.', 'Clive Owen is an English actor who first gained recognition in the United Kingdom for playing the lead role in the ITV series Chancer fro...'),
(31, '매튜 맥커너히', 'Matthew McConaughey', 'http://s3.amazonaws.com/codecademy-content/courses/learn-rails/img/matthew-mcconaughey.jpg', '푸른 눈과 꼭 빼닮은 외모로 제2의 폴 뉴먼으로 각광받는 배우. 텍사스 대학 영화학과 학생 시절 나이트 클럽에서 우연히 만난 〈Dazed and Confused〉의 캐스팅 디렉터 덕에 영화에 출연하게 된다. 할리우드에 진출해서 처음 찍은 영화 〈텍사스 전기톱 살인사건 2〉는 완전한 B급 영화로 개봉조차 되지 않다가 매커너히가 유명해진 후 개봉돼 유명세를 치르기도 했다.\n\n95년 드류 배리모어의 연인으로 출연한 〈보이즈 온 더 사이드〉로 영화 관계자의 눈길을 끌었다. 존 세일즈의 〈론 스타〉에 출연한 그를 자신의 차기 작품에 출연시키려고 마음먹은 조엘 슈마허에 의해 〈타임 투 킬〉 주인공으로 발탁되면서 세계적으로 유명해졌고, 브래드 피트를 능가하는섹시함으로 미국의 아이돌스타로 각광게되었다. 공연한 산드라 불록과는 연인 관계가 되었다. 이후 조디 포스터와 〈콘텍트〉에서 공연했고 스필버그의 영화 〈아미스타드〉 주연으로 출연하는 등 인기를 탄탄히 다졌다. 98년 배우겸 감독인 에드워드 번즈의 〈뉴튼 보이즈〉에 출연하였다.그뒤 99년 론하워드의 〈생방송 에드TV〉에 출연하면서 섹시함을 맘껏 풍겼다. 2000년 조나단 모스토우의 〈U-571〉에 출연했고 그의 연기력을 맘껏 발휘하였다. 2001년 제니퍼 로페즈와 〈웨딩 플래너〉에 출연했다.\n\n(chun-y-j@hanmail.net 회원님 글)', 'Matthew David McConaughey is an American actor and producer. He first gained notice for his breakout role in the coming-of-age comedy Daz...');

-- --------------------------------------------------------

--
-- Table structure for table `movie`
--

CREATE TABLE `movie` (
  `id` bigint(20) UNSIGNED NOT NULL,
  `title` varchar(64) COLLATE utf8_unicode_ci DEFAULT NULL,
  `title_en` varchar(64) COLLATE utf8_unicode_ci NOT NULL,
  `image` varchar(128) COLLATE utf8_unicode_ci NOT NULL,
  `year` smallint(5) UNSIGNED DEFAULT NULL,
  `plot` text COLLATE utf8_unicode_ci,
  `plot_en` text COLLATE utf8_unicode_ci NOT NULL
) ENGINE=InnoDB DEFAULT CHARSET=utf8 COLLATE=utf8_unicode_ci;

--
-- Dumping data for table `movie`
--

INSERT INTO `movie` (`id`, `title`, `title_en`, `image`, `year`, `plot`, `plot_en`) VALUES
(1, '오션스 일레븐', 'Ocean\'s 11', 'http://s3.amazonaws.com/codecademy-content/courses/learn-rails/img/oceans-11.jpg', 2001, '최고의 프로들이 라스베가스를 훔친다! | Are you in or out?\n뉴저지 교도소를 출감한지 불과 24시간도 되기 전, 대니 오션(조지 클루니 분)은 벌써 새로운 한탕을 계획하고 사상 최대 규모의 카지노털이를 성사시키기 위해 각 방면의 전문가(?)들을 불러모은다. 참모장 격인 카드의 달인 러스티(브래드 피트 분), 천재 소매치기 라이너스(맷 데이먼 분), 폭파 전문가 배셔(돈 치들 분), 중국인 곡예사 옌, 현역에서 은퇴했던 베테랑 사기꾼 사울(칼 라이너 분)등등... 이름하여 ?오션스 일레븐?! 그들의 범행 기본수칙은 세 가지다. 첫째, 인명을 해치지 말 것, 둘째, 무고한 사람의 금품을 털지 말 것, 그리고 마지막 세 번째는 이판사판의 정신으로 게임에 임할 것.\n  이들이 범행 대상으로 삼은 라스베가스의 세 카지노는 모두 테리 베네딕트(앤디 가르시아 분)라는 인물이 소유하고 있는 곳. 범행 D-데이는 MGM 카지노 실내 체육관에서 레녹스 루이스와 블라디미르 클리치코의 헤비급 복싱 경기가 열리는 날로 정해졌다. 그날 카지노 금고에 보관되어있을 현금의 액수는 어림잡아 1억5천만달러!\n  한편, 냉혹하고 빈틈없는 사업가 테리는 자신의 카지노 안에 있는 미술관의 큐레이터인 테스 (줄리아 로버츠 분)와 목하 데이트 중인데, 테스가 공교롭게도 오션의 전처라는 사실은 단순한 우연일까? 그 대답은 오직 오션만이 알 터. 테리는 자신의 카지노 금고만은 그 누구도 손댈 수 없는 난공불락임을 자신한다. 테스와의 관계 또한 마찬가지... 그러나 오션의 생각은 다르다. 불가능에 가까운 이 범행이 계획대로만 성공한다면, 오션은 거액의 돈은 물론 테스까지도 다시 차지할 수 있을지 모른다. 그러나 과연 뜻대로 될 것인가?', 'George Timothy Clooney is an American actor, writer, producer, director, and activist. He has received three Golden Globe Awards for his ...'),
(2, '퍼펙트 스톰', 'The Perfect Storm', 'http://s3.amazonaws.com/codecademy-content/courses/learn-rails/img/the-perfect-storm.jpg', 2000, '거대한 액션 폭풍이 몰아친다!\n대서양 북부의 대표적인 어항 글루체스터. 1991년 10월 빌리 타인 선장(조지 클루니 분)이 이끄는 어선 ‘안드레아 게일’ 호가 이곳에 입항한다. 근래 계속 어황이 신통치 않았던 타인 선장의 배 옆에 정박한 ‘한나 보덴’ 호는 한창 활황을 구가하는 중. 이혼남으로 애인 크리스(다이안 레인 분)과 새 생활을 시작하려는 바비 섀포드(마크 월버그 분)는 이혼소송 수임료도 갚지 못할 정도로 돈이 없다. 이번이 돈을 마련할 마지막 기회라 생각한 그는 크리스의 반대를 무릅쓴 채 다른 네 명의 어부들과 함께 타인 선장의 배에 승선한다.\n  만선의 꿈을 안고 출발한 안드레아 게일호 일행은 뉴잉글랜드 어선들이 주로 조업하는 일반적 어로수역을 벗어나 풍요한 어장으로 소문난 플레미시 캡까지 진출키로 한다. 그러나 출항 후, 태풍이 몰려온다는 소식이 들려오고, 한나 보덴 호를 포함한 다른 배들은 모두 후퇴를 결정하지만, 타인 선장은 자신을 믿고 배를 탄 어부들의 기대를 저버릴 수 없어 항해를 계속한다. 항해가 계속될수록 기상변화는 점점 심상치 않은 징조를 보이고, 그레이스로 명명된 남쪽의 태풍전선 허리케인이 대서양으로 북진하면서 다른 두 개의 기상전선과 충돌할 위기에 빠진다. 이 세개의 기상전선이 충돌하면 인류 역사상 유례없는 엄청난 파괴력을 가진 폭풍이 순식간에 형성되는 것. 안드레아 게일 호의 거대한 유조선, 32피트짜리 돛단배들이 해안을 향해 필사의 항해를 시도하는 순간, 역사상 한번도 지구를 찾지 않았던 거대한 폭풍의 소용돌이가 시작되는데.', 'Matthew Paige "Matt" Damon is an American actor, voice actor, screenwriter, producer, and philanthropist.'),
(3, '컨테이젼', 'Contagion', 'http://s3.amazonaws.com/codecademy-content/courses/learn-rails/img/contagion.jpg', 2011, '아무 것도 만지지 마라! 누구도 만나지 마라!\n 홍콩 출장에서 돌아온 베스(기네스 팰트로)가 발작을 일으키며 사망하고 그녀의 남편(맷 데이먼)이 채 원인을 알기 전에 아들마저 죽음을 당한다. 얼마 지나지 않아 세계 각국의 사람들이 같은 증상으로 사망한다. 일상생활의 접촉을 통해 이루어진 전염은 그 수가 한 명에서 네 명, 네 명에서 열 여섯 명, 수백, 수천 명으로 늘어난다. 한편, 미국 질병통제센터의 치버 박사(로렌스 피시번)는 경험이 뛰어난 박사(케이트 윈슬렛)를 감염현장으로 급파하고 세계보건기구의 오란테스 박사(마리옹 꼬띠아르)는 최초발병경로를 조사한다. 이 가운데 진실이 은폐됐다고 주장하는 프리랜서 저널리스트(주드 로)가 촉발한 음모론의 공포는 그가 운영하는 블로그를 통해 원인불명의 전염만큼이나 빠르게 세계로 퍼져가는데…', 'When Beth Emhoff (Gwyneth Paltrow) returns to Minnesota from a Hong Kong business trip, she attributes the malaise she feels to jet lag ...'),
(4, '디파티드', 'The Departed', 'http://s3.amazonaws.com/codecademy-content/courses/learn-rails/img/the-departed.jpg', 2006, '엇갈린 운명, 지옥 같은 두 남자가 격돌한다\n{보스톤, 수십년 전. 난 내가 처한 환경의 산물이 되기보다, 환경이 내가 만든 산물이 되길 원한다. 과거엔 우리에게 교회란 게 있었다. 그것은 우리가 각자 가졌다는 유일한 방식이었다. 콜럼버스의 기사들은 머리통을 깨부시는 정말 사나운 놈들이었다. 이탈리아 놈들은 자신들의 몫으로 도시의 한 부분을 접수했다. 한 아일랜드인이 일자릴 구할 수 조차 없었던 때로부터 20년 후, 우린 \'대통령제\'를 따르기로 했다. 교회는 이제 편히 잠드시길.. 그게 바로 깜둥이들이 깨닫지 못한 부분이다. 내가 깜둥이들에 비해 아는 게 하나 있다면, 바로 이거지. 아무도 알아서 주진 않는다. 스스로 받아 내야 하는 것이다.}\n  남부 보스턴 매사츄세츠 주 경찰청은 프랭크 코스텔로(잭 니콜슨)가 이끄는 막강한 세력을 지닌 보스턴 최대 범죄조직망을 일망타진하기 위해 신참 경찰 빌리 코스티건(레오나르도 디카프리오)을 조직에 침투시킨다. 빌리가 경찰 뱃지를 반납하고 보스턴 길거리를 떠돌다 코스텔로의 신임을 얻기 위해 애쓰는 동안 또 다른 신참 콜린 설리반(맷 데이먼)은 경찰청 내에서 승승장구하여 특별 수사반에 배치된다.\n  특별 수사반의 임무 역시 코스텔러를 제거하는 것. 그러나 사실 콜린은 경찰청에 투입된 코스텔로의 첩자. 경찰청의 동태를 사전에 코스텔로에게 알리는 게 그의 진짜 임무였던 것이다. 결국 갱단과 경찰이 서로 상대방의 조직에 위장 침투한 것이다. 빌리와 콜린이 서로의 임무를 수행하는 동안 양쪽 조직 모두 첩자의 존재를 눈치챈다. 언제 정체가 탄로날지 모르는 상황 속에서 두 사람은 상대방의 정체를 캐내기 위해 혈안이 된다. 상대보다 한발 늦으면 자신이 죽는 상황, 두 남자는 서로의 운명에 비극의 총구를 겨눈다.', 'South Boston cop Billy Costigan (Leonardo DiCaprio) goes under cover to infiltrate the organization of gangland chief Frank Costello (Jac...'),
(5, '인셉션', 'Inception', 'http://s3.amazonaws.com/codecademy-content/courses/learn-rails/img/inception.jpg', 2010, '다크 나이트의 스케일과 매트릭스의 미래가 만났다 | 생각을 훔치는 거대한 전쟁\n드림머신이라는 기계로 타인의 꿈과 접속해 생각을 빼낼 수 있는 미래사회. ‘돔 코브’(레오나르도 디카프리오)는 생각을 지키는 특수보안요원이면서 또한 최고의 실력으로 생각을 훔치는 도둑이다. 우연한 사고로 국제적인 수배자가 된 그는 기업간의 전쟁 덕에 모든 것을 되찾을 수 있는 기회를 얻게 된다. 하지만 임무는 머릿속의 정보를 훔쳐내는 것이 아니라, 반대로 머릿속에 정보를 입력시켜야 하는 것! 그는 ‘인셉션’이라 불리는 이 작전을 성공시키기 위해 최강의 팀을 조직한다. 불가능에 가까운 게임, 하지만 반드시 이겨야만 한다!', 'Dom Cobb (Leonardo DiCaprio) is a thief with the rare ability to enter people\'s dreams and steal their secrets from their subconscious ...'),
(6, '다크 나이트 라이즈', 'The Dark Knight Rises', 'http://s3.amazonaws.com/codecademy-content/courses/learn-rails/img/dark-knight-rises.jpg', 2012, '배트맨’ vs. ‘베인’, 운명을 건 최후의 전투\n다크 나이트 신화의 전설이 끝난다. \n 배트맨이 조커와의 대결을 끝으로 세상에서 모습을 감춘 8년 후, \n 하비 덴트의 죽음에 대한 책임을 떠안은 배트맨은 모든 것을 희생하며 떠나고.. \n 범죄방지 덴트법으로 인해 한동안 평화가 지속되던 고담시의 파멸을 예고하며 나타난 마스크를 쓴 잔인한 악당, \n 최강의 적 베인이 등장한다. \n 베인은 배트맨이 스스로 택한 유배 생활에 종지부를 찍게 하지만, \n 다시 돌아온 배트맨에게 베인은 만만한 상대가 아니다. \n 자신을 거부한 사람들의 고통을 지켜볼 것인가, 정의의 수호자로 나설 것인가. \n 배트맨은 승패를 알 수 없는 마지막 전투를 시작하려 하는데…', 'It has been eight years since Batman (Christian Bale), in collusion with Commissioner Gordon (Gary Oldman), vanished into the night. Assu...'),
(7, '아이언맨', 'Iron Man', 'http://s3.amazonaws.com/codecademy-content/courses/learn-rails/img/iron-man.jpg', 2008, '하이테크 슈퍼 히어로의 탄생 | 이제 업그레이드는 끝났다\n천재적인 두뇌와 재능으로 세계 최강의 무기업체를 이끄는 CEO이자, 타고난 매력으로 셀러브리티 못지않은 화려한 삶을 살아가던 억만장자 토니 스타크. 아프가니스탄에서 자신이 개발한 신무기 발표를 성공리에 마치고 돌아가던 그는 게릴라군의 갑작스런 공격에 의해 가슴에 치명적인 부상을 입고 게릴라군에게 납치된다. 가까스로 목숨을 건진 그에게 게릴라군은 자신들을 위한 강력한 무기를 개발하라며 그를 위협한다. 그러나 그는 게릴라군을 위한 무기 대신, 탈출을 위한 무기가 장착된 철갑수트를 몰래 만드는 데 성공하고, 그의 첫 수트인 ‘Mark1’를 입고 탈출에 성공한다.\n  미국으로 돌아온 토니 스타크는 자신이 만든 무기가 많은 사람들의 생명을 위협하고, 세상을 엄청난 위험에 몰아넣고 있다는 사실을 깨닫고 무기사업에서 손 뗄 것을 선언한다. 그리고, Mark1을 토대로 최강의 하이테크 수트를 개발하는 데 자신의 천재적인 재능과 노력을 쏟아 붓기 시작한다. 탈출하는 당시 부서져버린 Mark1를 바탕으로 보다 업그레이드 된 수트 Mark2를 만들어낸 토니 스타크. 거기에 만족하지 않고, 숱한 시행착오와 실패 끝에 자신의 모든 능력과 현실에서 가능한 최강의 최첨단 과학 기술이 집적된 하이테크 수트 Mark3를 마침내 완성, 최강의 슈퍼히어로 ‘아이언맨’으로 거듭난다.\n  토니 스타크가 탈출하는 과정을 통해 Mark1의 가공할 위력을 확인한 게릴라 군은 토니 스타크가 미처 회수하지 못한 Mark1의 잔해와 설계도를 찾아낸다. Mark1을 재조립하여 그들의 목적을 이루기 위한 거대하고 강력한 철갑수트를 제작하려는 음모를 꾸미는 게릴라군. 토니 스타크가 갖고 있던 에너지원을 훔쳐 ‘아이언맨’을 능가하는 거대하고 강력한 ‘아이언 몽거’를 완성한 그들은 세계 평화를 위협하고, 토니 스타크는 그들의 음모과 배후세력이 누구인지를 알게 되는데...!', 'A billionaire industrialist and genius inventor, Tony Stark (Robert Downey Jr.), is conducting weapons tests overseas, but terrorists kid...'),
(8, '셜록 홈즈', 'Sherlock Holmes', 'http://s3.amazonaws.com/codecademy-content/courses/learn-rails/img/sherlock-holmes.jpg', 2009, '역사상 가장 위대한 탐정이 온다!\nCHAPTER1. 세기의 명탐정_“범죄는 흔하다. 그러나 논리는 흔치 않다” 셜록 홈즈(로버트 다우니 주니어), 천재적인 추리 능력과 주먹의 힘까지 갖추고 친구 왓슨 박사(주드 로)와 함께 치밀하게 얽힌 미스터리 속에서 진실을 찾아내는 명탐정. 그에게 이제껏 경험하지 못했던 최대의 위협이자 지금껏 그토록 갈구했던 진정한 모험이 몰려오고 있었다.\n CHAPTER2. 예고된 살인_“홈즈, 당신과 나는 자연 법칙을 뒤집어 놓을 여정에 올랐소”다섯 명의 여인들이 종교 의식의 제물로 끔찍하게 살해되는 사건이 잇따라 발생하고, 홈즈와 왓슨은 간발의 차이로 마지막 희생자가 될뻔한 여인을 구한다. 범인은 비밀 종교집단 소속의 블랙우드(마크 스트롱). 붙잡힌 블랙우드는 사형 집행일이 다가올수록 강력한 어둠의 힘을 발휘하고, 자신의 죽음은 계획의 일부에 지나지 않는다며 홈즈에게 경고한다. \n CHAPTER3. 죽은 자의 부활_“증거 없는 이론은 위험하네. 사실을 이론에 맞추려 들테니” 블랙우드의 경고는 현실로 나타나고, 죽었던 그의 부활은 도시 전체를 공포 속에 몰아넣는다. 그러나 이것은 홈즈에게는 게임의 시작일 뿐. 블랙우드의 치명적인 음모를 저지하기 위해 홈즈와 왓슨은 고대의 신비한 주술과 현대의 경이로운 신기술이 혼재한 세계로 뛰어든다. \n CHAPTER4. 진정한 목적_“가장 사소한 단서가 가장 중요한 증거가 되는 법이지”그러나 홈즈가 해결해야 할 것은 사건만이 아니었다. 그의 앞에 헤어진 연인 아이린(레이철 맥아담스)이 등장해 적인지 아닌지 모호한 행동으로 그를 더욱 혼란에 빠뜨린다.\n 한편, 최강의 콤비 플레이로 사건을 파헤치던 홈즈와 왓슨은 단서들이 공통의 연결고리로 어떤 징후를 나타낸다는 것을 발견하고, 이것이 세상을 파멸시킬 거대한 음모였음을 알게 되는데… 정확한 논리를 무기로, 일격의 주먹을 방어막으로, 세상을 구할 홈즈의 추리가 시작된다!', 'When a string of brutal murders terrorizes London, it doesn\'t take long for legendary detective Sherlock Holmes (Robert Downey Jr.) and ...'),
(9, '클로저', 'Closer', 'http://s3.amazonaws.com/codecademy-content/courses/learn-rails/img/closer.jpg', 2004, '첫눈에 반한 사랑, 숨겨진 유혹\n런던의 도심 한복판, 출근길의 댄은 신문사에서 부고 기사를 쓰지만 소설가가 되는 게 꿈인 잘생긴 낭만 청년. 인파 속에 유달리 눈에 띄는 한 여성을 발견하고 강한 이끌림을 느끼는데… 서로를 응시하며 횡단보도에 마주선 그들, 그러나 그녀는 달려오던 택시에 치여 쓰러지고 얼떨결에 보호자가 된 댄, ‘첫눈에 반한 사랑’의 운명을 예감한다.\n 그녀는 뉴욕 출신의 스트립댄서 앨리스(나탈리 포트만), 그녀와 동거를 시작한 댄은 그녀의 인생을 소재로 글을 써서 소설가로 데뷔한다. 그러나 책 표지 사진을 찍기 위해 만난 사진 작가 안나(줄리아 로버츠 분)와 첫눈에 반하고 만다. 또 다른 강렬한 사랑의 시작, 다시 올 수 없을 것 같았던 순간의 느낌이 댄은 물론, 안나, 앨리스 모두를 혼란에 빠지게 하는데…', 'Alice (Natalie Portman), who has moved to London, meets Dan (Jude Law) on the street. While looking at him, a taxi hits her. After taking ...'),
(10, '인터스텔라', 'Interstellar', 'http://s3.amazonaws.com/codecademy-content/courses/learn-rails/img/interstellar.jpg', 2014, '“우린 답을 찾을 거야, 늘 그랬듯이”\n세계 각국의 정부와 경제가 완전히 붕괴된 미래가 다가온다. \n 지난 20세기에 범한 잘못이 전 세계적인 식량 부족을 불러왔고, NASA도 해체되었다. \n 이때 시공간에 불가사의한 틈이 열리고, 남은 자들에게는 이 곳을 탐험해 인류를 구해야 하는 임무가 지워진다.\n 사랑하는 가족들을 뒤로 한 채 인류라는 더 큰 가족을 위해, 그들은 이제 희망을 찾아 우주로 간다.\n 그리고 우린 답을 찾을 것이다. 늘 그랬듯이…', 'In Earth\'s future, a global crop blight and second Dust Bowl are slowly rendering the planet uninhabitable. Professor Brand (Michael Cai...');

-- --------------------------------------------------------

--
-- Table structure for table `part`
--

CREATE TABLE `part` (
  `movie_id` bigint(20) UNSIGNED NOT NULL DEFAULT '0',
  `actor_id` bigint(20) UNSIGNED NOT NULL DEFAULT '0'
) ENGINE=InnoDB DEFAULT CHARSET=utf8 COLLATE=utf8_unicode_ci;

--
-- Dumping data for table `part`
--

INSERT INTO `part` (`movie_id`, `actor_id`) VALUES
(1, 1),
(1, 2),
(1, 3),
(1, 4),
(1, 5),
(2, 1),
(2, 6),
(2, 25),
(3, 2),
(3, 4),
(3, 7),
(3, 8),
(3, 9),
(3, 10),
(3, 11),
(3, 12),
(4, 2),
(4, 6),
(4, 13),
(4, 14),
(5, 7),
(5, 13),
(5, 15),
(5, 16),
(5, 17),
(5, 26),
(5, 28),
(6, 7),
(6, 15),
(6, 16),
(6, 17),
(6, 18),
(6, 19),
(6, 27),
(6, 28),
(7, 10),
(7, 20),
(7, 21),
(7, 22),
(8, 9),
(8, 20),
(8, 23),
(8, 24),
(9, 5),
(9, 9),
(9, 29),
(9, 30),
(10, 2),
(10, 27),
(10, 28),
(10, 31);

--
-- Indexes for dumped tables
--

--
-- Indexes for table `actor`
--
ALTER TABLE `actor`
  ADD PRIMARY KEY (`id`);

--
-- Indexes for table `movie`
--
ALTER TABLE `movie`
  ADD PRIMARY KEY (`id`);

--
-- Indexes for table `part`
--
ALTER TABLE `part`
  ADD PRIMARY KEY (`movie_id`,`actor_id`);

--
-- AUTO_INCREMENT for dumped tables
--

--
-- AUTO_INCREMENT for table `actor`
--
ALTER TABLE `actor`
  MODIFY `id` bigint(20) UNSIGNED NOT NULL AUTO_INCREMENT, AUTO_INCREMENT=32;
--
-- AUTO_INCREMENT for table `movie`
--
ALTER TABLE `movie`
  MODIFY `id` bigint(20) UNSIGNED NOT NULL AUTO_INCREMENT, AUTO_INCREMENT=11;
